{"cameraMode":{"drawMode":0,"name":"Shaded","section":"Shading Mode"},"sceneLighting":true,"audioPlay":false,"sceneViewState":{"m_AlwaysRefresh":false,"showFog":true,"showSkybox":true,"showFlares":true,"showImageEffects":true,"showParticleSystems":true,"showVisualEffectGraphs":true,"m_FxEnabled":true},"in2DMode":false,"pivot":{"x":0.6634412407875061,"y":1.6675602197647095,"z":4.929754734039307},"rotation":{"x":-0.42577025294303896,"y":-0.003525723237544298,"z":0.0016748388297855855,"w":-0.9048359394073486},"size":4.232574462890625,"orthographic":false}